,Date,Time,CO(GT),Nonmethane Hydrocarbons,Benzene,Nitrogen Oxides,Nitrogen Dioxide,T
0,2004-03-10,18:00:00,2.6,150.0,11.9,166.0,113.0,13.6
1,2004-03-10,19:00:00,2.0,112.0,9.4,103.0,92.0,13.3
2,2004-03-10,20:00:00,2.2,88.0,9.0,131.0,114.0,11.9
3,2004-03-10,21:00:00,2.2,80.0,9.2,172.0,122.0,11.0
4,2004-03-10,22:00:00,1.6,51.0,6.5,131.0,116.0,11.2
5,2004-03-10,23:00:00,1.2,38.0,4.7,89.0,96.0,11.2
6,2004-03-11,0:00:00,1.2,31.0,3.6,62.0,77.0,11.3
7,2004-03-11,1:00:00,1.0,31.0,3.3,62.0,76.0,10.7
8,2004-03-11,2:00:00,0.9,24.0,2.3,45.0,60.0,10.7
11,2004-03-11,5:00:00,0.7,8.0,1.1,16.0,28.0,11.0
12,2004-03-11,6:00:00,0.7,16.0,1.6,34.0,48.0,10.5
13,2004-03-11,7:00:00,1.1,29.0,3.2,98.0,82.0,10.2
14,2004-03-11,8:00:00,2.0,64.0,8.0,174.0,112.0,10.8
15,2004-03-11,9:00:00,2.2,87.0,9.5,129.0,101.0,10.5
16,2004-03-11,10:00:00,1.7,77.0,6.3,112.0,98.0,10.8
17,2004-03-11,11:00:00,1.5,43.0,5.0,95.0,92.0,10.5
18,2004-03-11,12:00:00,1.6,61.0,5.2,104.0,95.0,9.5
19,2004-03-11,13:00:00,1.9,63.0,7.3,146.0,112.0,8.3
20,2004-03-11,14:00:00,2.9,164.0,11.5,207.0,128.0,8.0
21,2004-03-11,15:00:00,2.2,79.0,8.8,184.0,126.0,8.3
22,2004-03-11,16:00:00,2.2,95.0,8.3,193.0,131.0,9.7
23,2004-03-11,17:00:00,2.9,150.0,11.2,243.0,135.0,9.8
24,2004-03-11,18:00:00,4.8,307.0,20.8,281.0,151.0,10.3
25,2004-03-11,19:00:00,6.9,461.0,27.4,383.0,172.0,9.7
26,2004-03-11,20:00:00,6.1,401.0,24.0,351.0,165.0,9.6
27,2004-03-11,21:00:00,3.9,197.0,12.8,240.0,136.0,9.1
28,2004-03-11,22:00:00,1.5,61.0,4.7,94.0,85.0,8.2
29,2004-03-11,23:00:00,1.0,26.0,2.6,47.0,53.0,8.2
30,2004-03-12,0:00:00,1.7,55.0,5.9,122.0,97.0,8.3
31,2004-03-12,1:00:00,1.9,53.0,6.4,133.0,110.0,7.7
32,2004-03-12,2:00:00,1.4,40.0,4.1,82.0,91.0,7.1
35,2004-03-12,5:00:00,0.6,7.0,1.0,30.0,44.0,6.3
36,2004-03-12,6:00:00,0.8,17.0,1.8,56.0,71.0,6.8
37,2004-03-12,7:00:00,1.4,33.0,4.4,109.0,104.0,6.4
38,2004-03-12,8:00:00,4.4,202.0,17.9,307.0,141.0,7.3
40,2004-03-12,10:00:00,3.1,208.0,14.0,187.0,122.0,13.2
41,2004-03-12,11:00:00,2.7,166.0,11.6,216.0,143.0,14.3
42,2004-03-12,12:00:00,2.1,114.0,10.2,143.0,113.0,15.0
43,2004-03-12,13:00:00,2.5,140.0,11.0,160.0,116.0,16.1
44,2004-03-12,14:00:00,2.7,169.0,12.8,163.0,123.0,16.3
45,2004-03-12,15:00:00,2.9,185.0,14.2,190.0,126.0,15.8
46,2004-03-12,16:00:00,2.8,165.0,12.7,178.0,120.0,15.9
47,2004-03-12,17:00:00,2.4,133.0,11.7,150.0,119.0,16.9
48,2004-03-12,18:00:00,3.9,233.0,19.3,206.0,149.0,15.1
49,2004-03-12,19:00:00,3.7,242.0,18.2,202.0,145.0,14.4
50,2004-03-12,20:00:00,6.6,488.0,32.6,340.0,170.0,12.9
51,2004-03-12,21:00:00,4.4,333.0,20.1,274.0,149.0,12.1
52,2004-03-12,22:00:00,3.5,215.0,14.3,253.0,139.0,11.0
53,2004-03-12,23:00:00,5.4,367.0,21.8,300.0,134.0,9.7
54,2004-03-13,0:00:00,2.7,122.0,9.6,193.0,113.0,9.5
55,2004-03-13,1:00:00,1.9,67.0,7.4,139.0,97.0,9.1
56,2004-03-13,2:00:00,1.6,43.0,5.4,83.0,82.0,8.8
59,2004-03-13,5:00:00,1.0,30.0,2.6,62.0,65.0,8.3
60,2004-03-13,6:00:00,1.2,27.0,2.9,53.0,60.0,7.2
61,2004-03-13,7:00:00,1.5,47.0,5.1,139.0,77.0,6.3
62,2004-03-13,8:00:00,2.7,132.0,11.8,256.0,96.0,6.5
63,2004-03-13,9:00:00,3.7,239.0,15.1,295.0,119.0,9.6
64,2004-03-13,10:00:00,3.2,160.0,12.9,250.0,126.0,12.4
65,2004-03-13,11:00:00,4.1,283.0,16.1,296.0,158.0,15.6
66,2004-03-13,12:00:00,3.6,210.0,14.0,239.0,161.0,18.4
67,2004-03-13,13:00:00,2.8,154.0,12.3,153.0,124.0,19.4
68,2004-03-13,14:00:00,2.0,112.0,8.6,118.0,102.0,18.0
69,2004-03-13,15:00:00,2.0,108.0,9.2,119.0,116.0,18.4
70,2004-03-13,16:00:00,2.5,111.0,10.2,138.0,124.0,17.6
71,2004-03-13,17:00:00,2.3,97.0,10.6,148.0,125.0,16.7
72,2004-03-13,18:00:00,3.2,191.0,15.5,227.0,148.0,16.1
73,2004-03-13,19:00:00,4.2,258.0,19.6,277.0,165.0,15.8
74,2004-03-13,20:00:00,4.2,284.0,19.2,279.0,161.0,15.7
75,2004-03-13,21:00:00,4.2,269.0,18.3,283.0,159.0,15.3
76,2004-03-13,22:00:00,3.1,180.0,13.1,214.0,143.0,14.6
77,2004-03-13,23:00:00,2.6,116.0,10.9,172.0,130.0,14.7
78,2004-03-14,0:00:00,2.9,93.0,11.0,190.0,129.0,13.9
79,2004-03-14,1:00:00,2.8,131.0,11.9,174.0,119.0,14.6
80,2004-03-14,2:00:00,2.5,92.0,8.6,128.0,104.0,12.5
83,2004-03-14,5:00:00,1.2,32.0,3.7,53.0,70.0,11.5
84,2004-03-14,6:00:00,1.0,29.0,2.5,44.0,63.0,11.6
85,2004-03-14,7:00:00,0.9,27.0,2.4,74.0,67.0,10.4
86,2004-03-14,8:00:00,1.4,36.0,4.2,101.0,84.0,11.6
87,2004-03-14,9:00:00,1.6,57.0,6.4,118.0,83.0,12.4
88,2004-03-14,10:00:00,2.2,129.0,8.6,144.0,98.0,14.5
89,2004-03-14,11:00:00,2.8,148.0,10.9,176.0,114.0,16.9
90,2004-03-14,12:00:00,2.8,145.0,10.7,161.0,119.0,19.3
91,2004-03-14,13:00:00,2.0,93.0,7.5,113.0,104.0,21.2
92,2004-03-14,14:00:00,1.8,84.0,7.5,103.0,102.0,21.4
93,2004-03-14,15:00:00,1.9,99.0,8.2,112.0,107.0,21.9
94,2004-03-14,16:00:00,3.0,150.0,11.9,170.0,129.0,22.2
95,2004-03-14,17:00:00,2.9,156.0,12.0,180.0,128.0,21.3
96,2004-03-14,18:00:00,2.5,122.0,12.2,160.0,121.0,19.7
97,2004-03-14,19:00:00,4.6,262.0,20.6,261.0,157.0,18.4
98,2004-03-14,20:00:00,5.9,341.0,23.1,325.0,173.0,17.6
99,2004-03-14,21:00:00,3.4,214.0,14.7,217.0,146.0,16.7
100,2004-03-14,22:00:00,2.1,100.0,9.0,146.0,121.0,16.3
101,2004-03-14,23:00:00,2.2,79.0,8.8,152.0,119.0,14.7
102,2004-03-15,0:00:00,1.8,66.0,7.4,104.0,99.0,14.8
103,2004-03-15,1:00:00,1.8,73.0,6.9,106.0,93.0,14.0
104,2004-03-15,2:00:00,1.8,66.0,7.0,108.0,88.0,13.4
107,2004-03-15,5:00:00,1.0,39.0,3.9,88.0,74.0,11.9
108,2004-03-15,6:00:00,1.4,51.0,6.4,138.0,80.0,11.4
109,2004-03-15,7:00:00,2.2,107.0,9.7,228.0,89.0,11.3
110,2004-03-15,8:00:00,5.5,336.0,25.9,360.0,114.0,12.4
111,2004-03-15,9:00:00,8.1,618.0,36.7,478.0,149.0,14.8
112,2004-03-15,10:00:00,5.8,438.0,26.6,394.0,157.0,17.4
113,2004-03-15,11:00:00,4.2,334.0,20.1,319.0,155.0,19.8
114,2004-03-15,12:00:00,3.1,221.0,14.1,201.0,134.0,22.0
115,2004-03-15,13:00:00,2.9,207.0,14.9,171.0,119.0,23.3
116,2004-03-15,14:00:00,2.9,191.0,15.4,159.0,111.0,23.9
117,2004-03-15,15:00:00,2.5,185.0,12.1,153.0,104.0,24.4
118,2004-03-15,16:00:00,2.3,141.0,11.5,143.0,99.0,24.4
119,2004-03-15,17:00:00,2.8,214.0,14.8,156.0,110.0,23.8
120,2004-03-15,18:00:00,6.1,471.0,32.1,314.0,162.0,22.5
121,2004-03-15,19:00:00,8.0,685.0,39.2,404.0,187.0,20.4
122,2004-03-15,20:00:00,6.5,538.0,31.0,320.0,165.0,18.3
123,2004-03-15,21:00:00,4.2,319.0,19.9,256.0,145.0,16.7
124,2004-03-15,22:00:00,3.2,224.0,15.3,193.0,125.0,15.7
125,2004-03-15,23:00:00,1.4,67.0,6.9,89.0,101.0,15.3
126,2004-03-16,0:00:00,2.1,155.0,11.1,127.0,103.0,14.1
127,2004-03-16,1:00:00,1.2,49.0,5.4,79.0,88.0,14.8
128,2004-03-16,2:00:00,0.8,29.0,2.8,43.0,61.0,14.8
131,2004-03-16,5:00:00,0.6,17.0,2.0,38.0,52.0,12.8
132,2004-03-16,6:00:00,0.9,27.0,3.5,82.0,64.0,11.2
133,2004-03-16,7:00:00,1.3,50.0,5.1,99.0,70.0,11.0
134,2004-03-16,8:00:00,3.4,218.0,16.2,263.0,97.0,11.7
135,2004-03-16,9:00:00,3.7,285.0,19.7,229.0,95.0,13.6
136,2004-03-16,10:00:00,5.3,437.0,25.1,396.0,150.0,17.8
137,2004-03-16,11:00:00,4.1,327.0,20.0,314.0,162.0,21.4
138,2004-03-16,12:00:00,3.3,283.0,18.3,217.0,154.0,24.4
139,2004-03-16,13:00:00,4.0,366.0,22.3,252.0,161.0,25.3
140,2004-03-16,14:00:00,3.8,318.0,20.4,263.0,161.0,25.8
141,2004-03-16,15:00:00,2.8,228.0,14.6,180.0,128.0,27.0
142,2004-03-16,16:00:00,2.9,201.0,16.6,184.0,129.0,28.2
143,2004-03-16,17:00:00,2.9,199.0,15.8,190.0,133.0,28.0
144,2004-03-16,18:00:00,3.4,237.0,17.8,184.0,139.0,23.9
145,2004-03-16,19:00:00,3.9,261.0,19.1,181.0,137.0,21.3
146,2004-03-16,20:00:00,3.2,230.0,15.8,166.0,143.0,20.4
147,2004-03-16,21:00:00,5.1,349.0,24.9,317.0,177.0,19.0
148,2004-03-16,22:00:00,2.6,183.0,13.5,184.0,138.0,17.9
149,2004-03-16,23:00:00,1.7,88.0,9.1,130.0,117.0,16.7
150,2004-03-17,0:00:00,1.7,85.0,8.6,132.0,107.0,15.5
151,2004-03-17,1:00:00,1.2,47.0,5.4,95.0,90.0,15.5
152,2004-03-17,2:00:00,0.9,34.0,4.1,70.0,79.0,14.1
155,2004-03-17,5:00:00,0.5,11.0,1.6,28.0,40.0,11.8
156,2004-03-17,6:00:00,0.5,18.0,1.9,46.0,53.0,11.9
157,2004-03-17,7:00:00,1.6,84.0,7.5,160.0,84.0,9.9
158,2004-03-17,8:00:00,4.1,260.0,21.4,320.0,108.0,11.1
159,2004-03-17,9:00:00,6.6,534.0,36.4,377.0,127.0,14.1
160,2004-03-17,10:00:00,4.3,368.0,21.3,280.0,134.0,17.7
161,2004-03-17,11:00:00,2.9,200.0,15.4,221.0,135.0,21.1
162,2004-03-17,12:00:00,2.5,145.0,12.5,210.0,142.0,24.3
163,2004-03-17,13:00:00,2.8,188.0,15.1,204.0,153.0,25.6
164,2004-03-17,14:00:00,2.6,152.0,13.7,161.0,123.0,25.9
165,2004-03-17,15:00:00,2.0,103.0,10.4,135.0,104.0,26.8
166,2004-03-17,16:00:00,2.9,193.0,15.2,186.0,129.0,29.3
167,2004-03-17,17:00:00,2.5,134.0,12.3,147.0,114.0,28.5
168,2004-03-17,18:00:00,5.0,386.0,27.0,299.0,158.0,25.9
169,2004-03-17,19:00:00,7.6,577.0,38.4,411.0,194.0,23.1
170,2004-03-17,20:00:00,6.7,523.0,35.1,347.0,182.0,20.5
171,2004-03-17,21:00:00,5.7,472.0,27.2,336.0,180.0,19.1
172,2004-03-17,22:00:00,2.8,206.0,15.0,202.0,136.0,17.2
173,2004-03-17,23:00:00,2.6,216.0,15.7,178.0,127.0,16.0
174,2004-03-18,0:00:00,2.3,159.0,13.0,154.0,116.0,14.8
175,2004-03-18,1:00:00,1.4,70.0,8.1,92.0,107.0,14.3
176,2004-03-18,2:00:00,1.0,44.0,5.5,61.0,88.0,14.8
179,2004-03-18,5:00:00,0.6,20.0,2.5,37.0,57.0,12.0
180,2004-03-18,6:00:00,0.7,26.0,3.0,68.0,71.0,10.9
181,2004-03-18,7:00:00,1.5,78.0,7.7,139.0,85.0,10.6
182,2004-03-18,8:00:00,4.7,319.0,23.3,339.0,124.0,11.5
183,2004-03-18,9:00:00,6.6,506.0,35.8,421.0,151.0,14.3
286,2004-03-22,16:00:00,2.3,451.0,11.6,150.0,101.0,21.3
287,2004-03-22,17:00:00,2.6,185.0,12.4,138.0,103.0,20.2
288,2004-03-22,18:00:00,3.8,426.0,18.3,213.0,129.0,17.0
289,2004-03-22,19:00:00,4.4,672.0,21.0,232.0,143.0,15.6
290,2004-03-22,20:00:00,4.5,624.0,21.0,238.0,146.0,15.3
291,2004-03-22,21:00:00,3.3,325.0,14.5,180.0,124.0,14.5
292,2004-03-22,22:00:00,2.0,143.0,8.4,128.0,113.0,13.9
293,2004-03-22,23:00:00,1.1,89.0,4.3,65.0,80.0,14.5
294,2004-03-23,0:00:00,0.9,73.0,3.8,53.0,72.0,13.8
295,2004-03-23,1:00:00,0.8,48.0,2.7,47.0,64.0,14.0
296,2004-03-23,2:00:00,0.7,47.0,2.5,51.0,70.0,13.0
299,2004-03-23,5:00:00,0.3,19.0,0.6,13.0,22.0,8.8
300,2004-03-23,6:00:00,0.5,26.0,1.8,33.0,47.0,9.6
301,2004-03-23,7:00:00,1.1,60.0,4.6,103.0,88.0,9.8
302,2004-03-23,8:00:00,3.0,248.0,14.2,224.0,130.0,10.0
303,2004-03-23,9:00:00,3.8,535.0,21.0,244.0,132.0,11.2
304,2004-03-23,10:00:00,3.4,340.0,16.2,237.0,132.0,12.0
305,2004-03-23,11:00:00,3.0,325.0,15.5,220.0,131.0,12.8
306,2004-03-23,12:00:00,2.7,267.0,13.4,207.0,129.0,13.1
307,2004-03-23,13:00:00,3.5,325.0,16.9,208.0,132.0,13.8
308,2004-03-23,14:00:00,2.8,268.0,12.4,160.0,110.0,16.0
309,2004-03-23,15:00:00,1.9,136.0,10.1,131.0,99.0,14.1
310,2004-03-23,16:00:00,2.0,118.0,8.7,128.0,100.0,12.0
311,2004-03-23,17:00:00,3.0,276.0,13.8,176.0,122.0,13.6
312,2004-03-23,18:00:00,1.9,151.0,9.3,107.0,97.0,13.7
313,2004-03-23,19:00:00,2.7,236.0,13.0,131.0,112.0,11.7
314,2004-03-23,20:00:00,3.3,220.0,14.3,166.0,128.0,11.5
315,2004-03-23,21:00:00,1.7,87.0,7.6,89.0,101.0,12.6
316,2004-03-23,22:00:00,1.3,81.0,5.3,81.0,96.0,12.0
317,2004-03-23,23:00:00,1.3,74.0,5.4,78.0,86.0,11.0
318,2004-03-24,0:00:00,1.2,55.0,4.9,70.0,85.0,11.1
319,2004-03-24,1:00:00,1.1,74.0,4.6,76.0,79.0,10.8
320,2004-03-24,2:00:00,0.9,35.0,2.7,43.0,61.0,11.3
323,2004-03-24,5:00:00,0.6,20.0,1.2,34.0,54.0,10.9
324,2004-03-24,6:00:00,0.8,32.0,1.7,43.0,57.0,10.8
325,2004-03-24,7:00:00,1.2,84.0,4.8,79.0,75.0,10.4
326,2004-03-24,8:00:00,3.1,245.0,13.8,174.0,97.0,11.0
327,2004-03-24,9:00:00,4.4,553.0,23.7,235.0,110.0,11.2
328,2004-03-24,10:00:00,3.4,450.0,14.2,218.0,113.0,12.1
329,2004-03-24,11:00:00,1.7,118.0,8.0,136.0,88.0,15.1
330,2004-03-24,12:00:00,1.5,118.0,6.7,117.0,85.0,15.6
331,2004-03-24,13:00:00,1.7,144.0,8.7,119.0,96.0,16.9
332,2004-03-24,14:00:00,2.2,159.0,10.8,126.0,106.0,16.6
334,2004-03-24,16:00:00,2.7,230.0,11.4,197.0,126.0,9.6
335,2004-03-24,17:00:00,2.8,320.0,13.4,195.0,130.0,11.7
336,2004-03-24,18:00:00,2.7,263.0,12.0,156.0,111.0,10.7
337,2004-03-24,19:00:00,4.5,556.0,20.2,247.0,134.0,10.7
338,2004-03-24,20:00:00,3.5,458.0,14.4,190.0,136.0,10.8
339,2004-03-24,21:00:00,2.6,214.0,9.4,169.0,125.0,10.3
340,2004-03-24,22:00:00,1.7,97.0,5.9,118.0,108.0,10.1
341,2004-03-24,23:00:00,1.3,79.0,4.5,81.0,87.0,10.4
342,2004-03-25,0:00:00,1.3,81.0,4.5,80.0,89.0,10.3
343,2004-03-25,1:00:00,1.0,52.0,2.5,42.0,58.0,11.0
344,2004-03-25,2:00:00,0.7,38.0,1.8,38.0,54.0,9.1
346,2004-03-25,4:00:00,0.5,29.0,0.9,18.0,28.0,9.3
347,2004-03-25,5:00:00,0.5,21.0,0.6,12.0,20.0,9.9
348,2004-03-25,6:00:00,0.6,46.0,1.4,43.0,51.0,7.6
349,2004-03-25,7:00:00,1.1,55.0,3.8,84.0,82.0,8.1
350,2004-03-25,8:00:00,2.7,271.0,11.6,184.0,112.0,8.7
351,2004-03-25,9:00:00,3.5,434.0,17.8,202.0,119.0,8.6
352,2004-03-25,10:00:00,2.3,300.0,8.8,133.0,99.0,9.7
353,2004-03-25,11:00:00,1.6,116.0,6.8,130.0,98.0,11.0
354,2004-03-25,12:00:00,1.3,95.0,5.9,106.0,88.0,13.6
355,2004-03-25,13:00:00,2.0,211.0,8.9,132.0,96.0,14.2
356,2004-03-25,14:00:00,1.9,168.0,8.2,106.0,81.0,14.2
357,2004-03-25,15:00:00,1.9,154.0,8.6,125.0,92.0,16.0
358,2004-03-25,16:00:00,2.2,267.0,10.1,138.0,105.0,17.7
359,2004-03-25,17:00:00,2.0,143.0,9.4,120.0,88.0,17.1
360,2004-03-25,18:00:00,2.9,374.0,14.6,158.0,103.0,14.9
361,2004-03-25,19:00:00,5.2,797.0,24.6,253.0,141.0,13.4
362,2004-03-25,20:00:00,4.6,698.0,21.6,231.0,133.0,12.6
363,2004-03-25,21:00:00,2.5,234.0,10.3,150.0,119.0,12.2
364,2004-03-25,22:00:00,1.5,104.0,5.7,99.0,106.0,10.6
365,2004-03-25,23:00:00,1.2,67.0,4.5,75.0,92.0,9.9
366,2004-03-26,0:00:00,1.7,88.0,5.5,93.0,97.0,9.6
367,2004-03-26,1:00:00,1.4,79.0,4.8,79.0,91.0,9.7
368,2004-03-26,2:00:00,1.2,61.0,3.6,67.0,83.0,9.4
370,2004-03-26,4:00:00,0.7,40.0,2.2,45.0,59.0,8.0
371,2004-03-26,5:00:00,0.8,52.0,3.0,72.0,73.0,7.7
372,2004-03-26,6:00:00,0.9,64.0,4.0,103.0,78.0,8.0
373,2004-03-26,7:00:00,1.6,88.0,6.7,132.0,90.0,8.5
374,2004-03-26,8:00:00,3.4,375.0,16.7,239.0,110.0,9.8
375,2004-03-26,9:00:00,3.8,592.0,19.3,275.0,114.0,11.2
376,2004-03-26,10:00:00,3.1,357.0,14.8,232.0,119.0,14.8
377,2004-03-26,11:00:00,2.7,296.0,13.4,180.0,121.0,16.8
378,2004-03-26,12:00:00,2.0,181.0,11.0,112.0,97.0,19.2
379,2004-03-26,13:00:00,2.3,211.0,12.5,116.0,99.0,19.1
380,2004-03-26,14:00:00,1.9,199.0,8.4,103.0,85.0,16.3
381,2004-03-26,15:00:00,1.3,81.0,5.3,89.0,75.0,14.2
382,2004-03-26,16:00:00,1.9,143.0,8.8,112.0,87.0,13.4
383,2004-03-26,17:00:00,2.3,247.0,11.2,127.0,102.0,14.2
384,2004-03-26,18:00:00,2.4,239.0,11.6,125.0,105.0,12.1
385,2004-03-26,19:00:00,2.7,267.0,12.4,120.0,98.0,10.4
386,2004-03-26,20:00:00,2.6,261.0,10.6,120.0,93.0,10.0
387,2004-03-26,21:00:00,1.5,97.0,6.0,99.0,91.0,9.8
388,2004-03-26,22:00:00,1.2,66.0,4.6,79.0,85.0,9.7
389,2004-03-26,23:00:00,1.1,60.0,4.1,66.0,74.0,9.9
390,2004-03-27,0:00:00,1.5,77.0,5.2,94.0,87.0,9.4
391,2004-03-27,1:00:00,1.0,57.0,3.2,70.0,79.0,8.6
392,2004-03-27,2:00:00,1.2,65.0,4.5,75.0,78.0,8.1
395,2004-03-27,5:00:00,0.8,27.0,1.9,32.0,48.0,8.2
396,2004-03-27,6:00:00,0.9,25.0,2.4,54.0,59.0,6.3
397,2004-03-27,7:00:00,1.1,42.0,3.3,68.0,65.0,7.2
398,2004-03-27,8:00:00,1.5,78.0,6.7,98.0,71.0,7.2
399,2004-03-27,9:00:00,1.8,128.0,8.5,128.0,84.0,11.1
400,2004-03-27,10:00:00,2.1,184.0,9.7,129.0,93.0,15.5
401,2004-03-27,11:00:00,2.1,156.0,9.4,130.0,99.0,17.8
402,2004-03-27,12:00:00,1.9,176.0,9.0,111.0,93.0,17.6
403,2004-03-27,13:00:00,2.1,232.0,10.0,106.0,96.0,19.1
404,2004-03-27,14:00:00,2.5,305.0,12.6,137.0,114.0,17.7
405,2004-03-27,15:00:00,1.9,150.0,7.6,113.0,101.0,17.8
406,2004-03-27,16:00:00,2.2,188.0,11.8,122.0,108.0,18.7
407,2004-03-27,17:00:00,2.3,221.0,11.2,137.0,117.0,17.1
408,2004-03-27,18:00:00,2.7,219.0,12.4,165.0,125.0,15.8
409,2004-03-27,19:00:00,3.0,306.0,12.9,196.0,133.0,14.7
410,2004-03-27,20:00:00,2.8,270.0,12.2,174.0,119.0,13.6
411,2004-03-27,21:00:00,2.2,231.0,8.8,140.0,107.0,12.5
412,2004-03-27,22:00:00,1.6,125.0,6.8,102.0,96.0,11.8
413,2004-03-27,23:00:00,2.1,122.0,8.6,130.0,105.0,10.9
414,2004-03-28,0:00:00,2.3,161.0,8.9,121.0,102.0,10.9
415,2004-03-28,1:00:00,2.3,101.0,8.3,111.0,97.0,10.3
416,2004-03-28,2:00:00,1.7,95.0,6.3,87.0,79.0,9.3
418,2004-03-28,4:00:00,1.3,96.0,5.1,77.0,69.0,8.3
419,2004-03-28,5:00:00,0.8,54.0,2.6,39.0,52.0,9.6
420,2004-03-28,6:00:00,1.1,63.0,3.6,77.0,62.0,7.7
421,2004-03-28,7:00:00,1.4,72.0,3.6,91.0,69.0,7.4
422,2004-03-28,8:00:00,1.3,91.0,4.7,105.0,75.0,9.7
423,2004-03-28,9:00:00,1.9,127.0,7.5,133.0,83.0,12.5
424,2004-03-28,10:00:00,2.3,193.0,9.0,128.0,94.0,16.8
425,2004-03-28,11:00:00,2.3,188.0,9.5,126.0,96.0,19.2
426,2004-03-28,12:00:00,1.8,151.0,7.7,92.0,86.0,21.3
427,2004-03-28,13:00:00,1.4,103.0,5.7,66.0,72.0,21.2
428,2004-03-28,14:00:00,1.0,55.0,3.8,50.0,53.0,18.6
429,2004-03-28,15:00:00,1.4,104.0,4.8,70.0,65.0,18.0
430,2004-03-28,16:00:00,1.3,116.0,4.3,73.0,70.0,18.2
431,2004-03-28,17:00:00,1.3,93.0,4.1,77.0,75.0,17.0
432,2004-03-28,18:00:00,1.4,93.0,4.7,86.0,86.0,15.6
433,2004-03-28,19:00:00,1.9,155.0,6.2,93.0,94.0,14.1
434,2004-03-28,20:00:00,1.8,115.0,5.5,105.0,103.0,13.4
435,2004-03-28,21:00:00,1.1,75.0,3.3,67.0,81.0,12.3
436,2004-03-28,22:00:00,1.1,65.0,3.2,63.0,80.0,11.9
437,2004-03-28,23:00:00,1.1,57.0,2.9,63.0,77.0,11.5
438,2004-03-29,0:00:00,0.9,40.0,2.2,46.0,58.0,10.6
439,2004-03-29,1:00:00,0.6,27.0,1.3,21.0,31.0,10.7
440,2004-03-29,2:00:00,0.5,23.0,1.1,22.0,38.0,10.4
442,2004-03-29,4:00:00,0.6,21.0,1.2,39.0,59.0,11.3
443,2004-03-29,5:00:00,0.7,33.0,1.7,55.0,70.0,10.1
444,2004-03-29,6:00:00,0.9,40.0,2.9,76.0,75.0,9.9
445,2004-03-29,7:00:00,2.9,279.0,14.3,181.0,103.0,8.1
446,2004-03-29,8:00:00,4.1,743.0,19.7,259.0,134.0,10.9
447,2004-03-29,9:00:00,1.5,147.0,5.5,118.0,98.0,11.8
448,2004-03-29,10:00:00,1.5,97.0,5.6,119.0,97.0,13.9
449,2004-03-29,11:00:00,1.5,118.0,5.8,123.0,98.0,15.6
450,2004-03-29,12:00:00,1.4,91.0,5.5,92.0,78.0,16.5
451,2004-03-29,13:00:00,1.6,146.0,6.5,91.0,83.0,17.5
452,2004-03-29,14:00:00,1.5,139.0,5.5,103.0,92.0,17.9
453,2004-03-29,15:00:00,1.4,155.0,5.2,102.0,81.0,18.2
454,2004-03-29,16:00:00,1.5,128.0,5.8,94.0,90.0,18.0
455,2004-03-29,17:00:00,1.9,166.0,7.9,98.0,95.0,17.0
456,2004-03-29,18:00:00,2.5,299.0,10.2,126.0,114.0,16.1
457,2004-03-29,19:00:00,2.1,163.0,8.2,108.0,106.0,14.5
458,2004-03-29,20:00:00,1.6,154.0,5.7,95.0,99.0,13.2
459,2004-03-29,21:00:00,1.2,80.0,3.8,78.0,90.0,13.1
460,2004-03-29,22:00:00,1.1,58.0,4.0,61.0,82.0,13.5
461,2004-03-29,23:00:00,1.0,55.0,2.8,55.0,74.0,12.4
462,2004-03-30,0:00:00,1.0,33.0,2.6,57.0,76.0,13.1
463,2004-03-30,1:00:00,0.7,33.0,1.8,41.0,66.0,11.6
464,2004-03-30,2:00:00,0.7,32.0,1.7,46.0,73.0,10.5
467,2004-03-30,5:00:00,0.7,26.0,2.3,52.0,71.0,12.9
468,2004-03-30,6:00:00,1.1,86.0,5.3,111.0,98.0,11.3
469,2004-03-30,7:00:00,2.6,294.0,13.4,191.0,115.0,11.9
470,2004-03-30,8:00:00,4.0,664.0,23.8,244.0,130.0,13.3
471,2004-03-30,9:00:00,4.2,695.0,21.5,283.0,150.0,16.3
472,2004-03-30,10:00:00,4.7,735.0,21.0,320.0,159.0,17.9
473,2004-03-30,11:00:00,3.9,649.0,18.4,249.0,146.0,18.3
474,2004-03-30,12:00:00,3.7,586.0,18.9,219.0,138.0,20.8
475,2004-03-30,13:00:00,3.4,546.0,17.1,200.0,128.0,22.4
476,2004-03-30,14:00:00,2.2,245.0,10.4,138.0,97.0,20.9
477,2004-03-30,15:00:00,1.9,178.0,8.0,118.0,91.0,19.1
478,2004-03-30,16:00:00,1.6,130.0,6.2,99.0,81.0,18.1
479,2004-03-30,17:00:00,2.1,151.0,9.7,112.0,99.0,17.3
480,2004-03-30,18:00:00,2.2,272.0,9.6,117.0,101.0,15.8
481,2004-03-30,19:00:00,2.7,301.0,11.9,129.0,106.0,15.9
482,2004-03-30,20:00:00,2.4,237.0,8.7,132.0,102.0,15.9
483,2004-03-30,21:00:00,1.3,95.0,4.7,73.0,84.0,15.0
484,2004-03-30,22:00:00,1.2,68.0,3.8,68.0,81.0,15.1
485,2004-03-30,23:00:00,1.5,101.0,4.7,80.0,91.0,14.9
486,2004-03-31,0:00:00,1.3,81.0,3.8,68.0,82.0,14.8
487,2004-03-31,1:00:00,1.0,50.0,2.7,44.0,64.0,14.8
488,2004-03-31,2:00:00,0.9,66.0,2.8,47.0,70.0,14.8
490,2004-03-31,4:00:00,0.5,18.0,0.8,15.0,26.0,14.5
491,2004-03-31,5:00:00,0.6,31.0,1.5,44.0,58.0,14.6
492,2004-03-31,6:00:00,1.0,57.0,3.5,85.0,93.0,14.4
493,2004-03-31,7:00:00,3.1,342.0,15.6,207.0,110.0,13.8
494,2004-03-31,8:00:00,4.1,644.0,19.9,230.0,115.0,13.2
495,2004-03-31,9:00:00,2.2,216.0,8.6,181.0,125.0,10.4
496,2004-03-31,10:00:00,1.7,117.0,6.5,144.0,118.0,11.5
497,2004-03-31,11:00:00,1.9,156.0,7.7,140.0,109.0,12.2
498,2004-03-31,12:00:00,2.9,332.0,11.3,204.0,123.0,12.3
499,2004-03-31,13:00:00,2.2,232.0,9.1,149.0,114.0,11.3
500,2004-03-31,14:00:00,2.6,295.0,11.2,171.0,114.0,13.6
501,2004-03-31,15:00:00,3.1,386.0,13.5,195.0,119.0,14.9
502,2004-03-31,16:00:00,2.3,278.0,10.1,152.0,111.0,15.7
503,2004-03-31,17:00:00,2.4,263.0,11.3,128.0,103.0,15.2
504,2004-03-31,18:00:00,2.8,322.0,11.8,121.0,103.0,15.5
505,2004-03-31,19:00:00,2.7,226.0,11.5,142.0,107.0,14.3
506,2004-03-31,20:00:00,2.3,221.0,9.3,131.0,105.0,13.2
507,2004-03-31,21:00:00,1.5,109.0,5.5,81.0,91.0,12.6
508,2004-03-31,22:00:00,1.4,105.0,5.1,60.0,79.0,12.3
509,2004-03-31,23:00:00,1.2,84.0,4.8,57.0,79.0,12.0
510,2004-04-01,0:00:00,1.6,106.0,6.3,96.0,86.0,12.0
511,2004-04-01,1:00:00,1.2,100.0,5.1,85.0,70.0,11.5
512,2004-04-01,2:00:00,1.1,71.0,4.1,50.0,55.0,10.7
514,2004-04-01,4:00:00,0.7,44.0,2.4,57.0,49.0,10.2
515,2004-04-01,5:00:00,0.9,45.0,2.9,64.0,50.0,11.0
516,2004-04-01,6:00:00,1.7,134.0,7.4,153.0,67.0,9.6
517,2004-04-01,7:00:00,4.2,505.0,19.8,342.0,94.0,9.5
518,2004-04-01,8:00:00,6.2,1042.0,31.9,378.0,119.0,11.9
519,2004-04-01,9:00:00,4.6,737.0,21.0,304.0,139.0,16.2
520,2004-04-01,10:00:00,2.8,375.0,11.7,192.0,113.0,19.2
521,2004-04-01,11:00:00,1.6,124.0,6.8,130.0,88.0,19.7
522,2004-04-01,12:00:00,1.7,137.0,7.4,106.0,73.0,20.6
523,2004-04-01,13:00:00,1.7,179.0,8.6,102.0,73.0,21.8
527,2004-04-01,17:00:00,3.3,388.0,16.4,163.0,106.0,23.6
528,2004-04-01,18:00:00,4.2,589.0,21.2,211.0,132.0,22.8
529,2004-04-01,19:00:00,5.5,840.0,25.0,267.0,164.0,20.8
530,2004-04-01,20:00:00,4.9,655.0,20.2,269.0,161.0,18.3
531,2004-04-01,21:00:00,2.5,254.0,10.8,154.0,124.0,16.8
532,2004-04-01,22:00:00,2.0,188.0,9.9,127.0,113.0,15.8
533,2004-04-01,23:00:00,2.0,120.0,8.5,122.0,103.0,14.9
534,2004-04-02,0:00:00,2.0,157.0,8.0,126.0,104.0,14.1
535,2004-04-02,1:00:00,1.3,88.0,5.6,84.0,93.0,13.3
536,2004-04-02,2:00:00,1.0,68.0,3.2,58.0,60.0,13.3
539,2004-04-02,5:00:00,0.7,51.0,2.6,56.0,66.0,11.3
540,2004-04-02,6:00:00,1.1,93.0,4.3,91.0,82.0,11.4
541,2004-04-02,7:00:00,2.6,284.0,13.0,159.0,109.0,11.9
542,2004-04-02,8:00:00,3.9,486.0,20.3,190.0,114.0,12.6
543,2004-04-02,9:00:00,5.0,798.0,20.7,249.0,139.0,13.6
544,2004-04-02,10:00:00,3.3,524.0,15.9,196.0,127.0,16.9
545,2004-04-02,11:00:00,2.9,468.0,14.2,180.0,127.0,19.4
546,2004-04-02,12:00:00,3.1,454.0,15.9,167.0,135.0,22.9
547,2004-04-02,13:00:00,3.0,461.0,16.1,159.0,130.0,23.6
548,2004-04-02,14:00:00,2.7,391.0,14.7,152.0,126.0,24.7
549,2004-04-02,15:00:00,2.7,337.0,14.0,149.0,121.0,26.1
550,2004-04-02,16:00:00,2.6,297.0,13.6,143.0,122.0,27.6
551,2004-04-02,17:00:00,3.7,588.0,19.7,185.0,138.0,26.9
552,2004-04-02,18:00:00,4.5,721.0,23.3,223.0,165.0,24.3
553,2004-04-02,19:00:00,4.7,710.0,24.1,215.0,154.0,21.2
554,2004-04-02,20:00:00,5.5,787.0,25.4,271.0,168.0,19.4
555,2004-04-02,21:00:00,3.0,415.0,14.1,180.0,146.0,18.5
556,2004-04-02,22:00:00,1.9,245.0,10.1,115.0,124.0,17.8
557,2004-04-02,23:00:00,2.3,294.0,12.1,149.0,124.0,16.8
558,2004-04-03,0:00:00,1.6,139.0,9.0,98.0,106.0,17.1
559,2004-04-03,1:00:00,1.3,98.0,6.3,73.0,88.0,16.2
560,2004-04-03,2:00:00,1.2,88.0,5.3,69.0,83.0,15.1
562,2004-04-03,4:00:00,0.8,57.0,3.0,60.0,74.0,14.5
563,2004-04-03,5:00:00,0.8,57.0,3.3,56.0,64.0,13.7
564,2004-04-03,6:00:00,0.9,60.0,3.5,73.0,69.0,13.9
565,2004-04-03,7:00:00,2.0,200.0,9.5,159.0,91.0,13.3
566,2004-04-03,8:00:00,3.0,451.0,15.2,203.0,96.0,15.1
567,2004-04-03,9:00:00,3.1,422.0,14.3,211.0,106.0,17.0
616,2004-04-05,10:00:00,3.1,424.0,14.3,236.0,124.0,15.6
617,2004-04-05,11:00:00,3.0,339.0,13.7,228.0,121.0,16.6
618,2004-04-05,12:00:00,3.2,445.0,15.7,206.0,114.0,17.0
619,2004-04-05,13:00:00,3.1,535.0,15.4,188.0,114.0,18.0
620,2004-04-05,14:00:00,2.5,278.0,12.6,158.0,106.0,19.5
621,2004-04-05,15:00:00,2.1,256.0,9.8,124.0,89.0,21.6
622,2004-04-05,16:00:00,2.0,245.0,9.6,98.0,82.0,22.2
623,2004-04-05,17:00:00,3.2,458.0,16.3,160.0,111.0,20.3
624,2004-04-05,18:00:00,4.1,710.0,19.8,194.0,132.0,19.7
625,2004-04-05,19:00:00,3.9,678.0,18.0,174.0,121.0,18.8
626,2004-04-05,20:00:00,3.1,436.0,13.6,157.0,116.0,17.9
627,2004-04-05,21:00:00,2.0,178.0,8.7,109.0,100.0,17.5
628,2004-04-05,22:00:00,1.7,160.0,7.7,85.0,89.0,17.4
629,2004-04-05,23:00:00,1.6,177.0,7.3,90.0,92.0,17.0
630,2004-04-06,0:00:00,1.0,101.0,4.1,61.0,71.0,16.6
631,2004-04-06,1:00:00,0.8,66.0,2.7,36.0,51.0,15.9
632,2004-04-06,2:00:00,0.5,40.0,1.5,25.0,39.0,15.0
634,2004-04-06,4:00:00,0.5,39.0,1.8,24.0,35.0,14.1
635,2004-04-06,5:00:00,0.8,62.0,3.4,73.0,64.0,14.6
636,2004-04-06,6:00:00,1.7,120.0,8.5,164.0,94.0,14.4
637,2004-04-06,7:00:00,4.5,599.0,24.1,329.0,134.0,15.3
638,2004-04-06,8:00:00,6.2,1084.0,33.7,302.0,129.0,16.2
639,2004-04-06,9:00:00,4.4,776.0,22.0,256.0,125.0,18.4
640,2004-04-06,10:00:00,2.9,470.0,14.1,182.0,107.0,19.6
641,2004-04-06,11:00:00,1.6,169.0,7.6,105.0,78.0,20.2
642,2004-04-06,12:00:00,2.6,304.0,14.5,136.0,91.0,20.9
643,2004-04-06,13:00:00,2.9,405.0,13.6,167.0,116.0,20.4
644,2004-04-06,14:00:00,2.5,297.0,11.5,166.0,131.0,19.3
645,2004-04-06,15:00:00,1.9,220.0,9.2,115.0,113.0,18.6
646,2004-04-06,16:00:00,1.9,226.0,10.3,109.0,98.0,18.8
647,2004-04-06,17:00:00,2.7,456.0,14.0,143.0,116.0,17.5
648,2004-04-06,18:00:00,3.0,470.0,15.0,159.0,120.0,16.8
649,2004-04-06,19:00:00,3.3,503.0,15.1,181.0,126.0,16.3
650,2004-04-06,20:00:00,3.2,459.0,14.8,178.0,126.0,15.6
651,2004-04-06,21:00:00,1.8,227.0,8.5,91.0,90.0,15.7
652,2004-04-06,22:00:00,1.3,152.0,5.9,76.0,81.0,15.8
653,2004-04-06,23:00:00,1.1,94.0,4.8,66.0,74.0,15.7
654,2004-04-07,0:00:00,0.9,93.0,4.0,56.0,67.0,15.7
655,2004-04-07,1:00:00,0.7,49.0,2.3,35.0,46.0,15.6
656,2004-04-07,2:00:00,0.4,30.0,1.4,21.0,30.0,15.6
658,2004-04-07,4:00:00,0.3,30.0,0.7,12.0,19.0,15.7
659,2004-04-07,5:00:00,0.3,32.0,0.8,22.0,32.0,15.3
660,2004-04-07,6:00:00,0.8,59.0,3.6,55.0,61.0,14.2
661,2004-04-07,7:00:00,2.8,277.0,12.9,152.0,111.0,14.3
662,2004-04-07,8:00:00,3.1,454.0,15.7,153.0,102.0,15.0
663,2004-04-07,9:00:00,2.3,211.0,8.6,152.0,116.0,13.6
664,2004-04-07,10:00:00,1.6,196.0,7.4,112.0,96.0,16.1
665,2004-04-07,11:00:00,1.5,110.0,6.6,119.0,97.0,16.6
666,2004-04-07,12:00:00,1.6,164.0,7.8,122.0,110.0,17.4
667,2004-04-07,13:00:00,1.8,151.0,9.1,115.0,103.0,18.1
668,2004-04-07,14:00:00,1.4,112.0,6.1,84.0,79.0,14.4
669,2004-04-07,15:00:00,1.9,117.0,7.5,146.0,104.0,10.9
670,2004-04-07,16:00:00,1.2,120.0,5.9,65.0,69.0,16.4
671,2004-04-07,17:00:00,2.3,251.0,12.7,120.0,96.0,18.0
672,2004-04-07,18:00:00,3.3,435.0,13.5,185.0,121.0,14.7
673,2004-04-07,19:00:00,3.1,345.0,14.5,157.0,129.0,11.3
674,2004-04-07,20:00:00,3.3,343.0,11.0,174.0,116.0,10.0
675,2004-04-07,21:00:00,1.2,62.0,3.2,62.0,71.0,9.8
676,2004-04-07,22:00:00,1.3,70.0,4.3,81.0,85.0,9.3
677,2004-04-07,23:00:00,1.9,114.0,7.1,118.0,101.0,9.6
678,2004-04-08,0:00:00,1.4,88.0,4.8,95.0,97.0,9.3
679,2004-04-08,1:00:00,1.5,95.0,5.7,84.0,89.0,9.0
680,2004-04-08,2:00:00,1.1,83.0,4.1,56.0,72.0,8.2
683,2004-04-08,5:00:00,0.8,68.0,2.8,69.0,62.0,8.1
684,2004-04-08,6:00:00,1.1,59.0,4.8,74.0,64.0,8.1
685,2004-04-08,7:00:00,2.6,226.0,13.8,161.0,80.0,8.1
686,2004-04-08,8:00:00,5.1,802.0,27.1,308.0,118.0,9.9
687,2004-04-08,9:00:00,4.2,585.0,19.1,300.0,130.0,13.0
688,2004-04-08,10:00:00,2.6,324.0,11.7,189.0,113.0,16.5
689,2004-04-08,11:00:00,2.4,308.0,12.7,164.0,112.0,19.3
690,2004-04-08,12:00:00,2.1,238.0,11.3,122.0,96.0,21.5
691,2004-04-08,13:00:00,2.6,301.0,14.2,166.0,125.0,20.4
692,2004-04-08,14:00:00,2.8,294.0,13.9,181.0,128.0,20.6
693,2004-04-08,15:00:00,2.5,353.0,13.2,127.0,101.0,20.6
694,2004-04-08,16:00:00,1.9,209.0,10.7,106.0,95.0,21.0
695,2004-04-08,17:00:00,3.6,538.0,19.7,192.0,138.0,21.5
696,2004-04-08,18:00:00,4.6,808.0,24.0,241.0,154.0,19.3
697,2004-04-08,19:00:00,6.3,974.0,29.1,326.0,171.0,18.0
698,2004-04-08,20:00:00,4.3,544.0,15.8,232.0,136.0,15.8
699,2004-04-08,21:00:00,1.6,138.0,7.0,92.0,93.0,15.3
700,2004-04-08,22:00:00,1.4,92.0,6.3,95.0,99.0,14.1
725,2004-04-09,23:00:00,2.3,169.0,8.4,157.0,95.0,12.0
726,2004-04-10,0:00:00,1.3,77.0,5.4,83.0,79.0,12.0
727,2004-04-10,1:00:00,1.7,98.0,6.9,118.0,78.0,11.5
728,2004-04-10,2:00:00,1.7,102.0,6.4,101.0,75.0,11.4
730,2004-04-10,4:00:00,0.8,69.0,3.3,46.0,52.0,10.8
731,2004-04-10,5:00:00,1.0,89.0,4.0,81.0,55.0,10.2
732,2004-04-10,6:00:00,1.4,134.0,6.0,112.0,65.0,10.8
733,2004-04-10,7:00:00,1.7,157.0,8.2,150.0,72.0,11.0
734,2004-04-10,8:00:00,2.0,167.0,9.9,138.0,76.0,12.4
735,2004-04-10,9:00:00,2.0,157.0,8.8,124.0,84.0,15.0
736,2004-04-10,10:00:00,1.9,172.0,8.4,124.0,90.0,16.6
737,2004-04-10,11:00:00,2.1,114.0,7.5,115.0,89.0,18.0
738,2004-04-10,12:00:00,1.8,166.0,7.8,101.0,87.0,20.6
739,2004-04-10,13:00:00,1.5,94.0,6.4,90.0,88.0,19.9
740,2004-04-10,14:00:00,1.3,108.0,5.1,90.0,81.0,19.8
741,2004-04-10,15:00:00,1.4,98.0,6.9,89.0,89.0,21.4
742,2004-04-10,16:00:00,1.5,132.0,6.8,92.0,91.0,22.1
743,2004-04-10,17:00:00,1.7,144.0,7.4,103.0,104.0,21.1
744,2004-04-10,18:00:00,2.0,165.0,8.7,122.0,111.0,18.3
745,2004-04-10,19:00:00,2.5,210.0,11.2,159.0,129.0,16.1
746,2004-04-10,20:00:00,2.4,277.0,10.5,172.0,133.0,14.8
747,2004-04-10,21:00:00,2.0,168.0,8.2,125.0,115.0,13.2
748,2004-04-10,22:00:00,2.9,248.0,11.6,187.0,125.0,12.3
749,2004-04-10,23:00:00,2.5,235.0,9.7,174.0,117.0,11.8
750,2004-04-11,0:00:00,1.4,84.0,5.1,75.0,84.0,11.2
751,2004-04-11,1:00:00,1.2,75.0,4.0,48.0,63.0,11.0
752,2004-04-11,2:00:00,1.0,62.0,3.7,61.0,68.0,9.3
755,2004-04-11,5:00:00,0.7,38.0,2.9,38.0,49.0,7.7
756,2004-04-11,6:00:00,0.8,44.0,2.9,41.0,49.0,7.4
757,2004-04-11,7:00:00,0.9,60.0,3.0,51.0,52.0,8.2
758,2004-04-11,8:00:00,1.1,88.0,3.7,61.0,58.0,8.7
759,2004-04-11,9:00:00,1.0,70.0,3.9,47.0,51.0,13.0
760,2004-04-11,10:00:00,1.6,94.0,6.2,87.0,77.0,17.4
761,2004-04-11,11:00:00,1.8,126.0,7.3,107.0,90.0,20.2
762,2004-04-11,12:00:00,2.6,181.0,9.2,161.0,118.0,22.7
763,2004-04-11,13:00:00,1.1,66.0,4.0,61.0,70.0,22.3
764,2004-04-11,14:00:00,0.6,54.0,2.3,26.0,35.0,22.2
765,2004-04-11,15:00:00,0.9,48.0,3.1,42.0,46.0,22.0
766,2004-04-11,16:00:00,1.0,66.0,3.2,55.0,58.0,21.0
767,2004-04-11,17:00:00,1.2,65.0,3.3,65.0,61.0,19.6
768,2004-04-11,18:00:00,1.4,68.0,4.0,75.0,80.0,17.9
769,2004-04-11,19:00:00,2.0,118.0,5.7,93.0,93.0,16.4
770,2004-04-11,20:00:00,1.1,65.0,3.4,63.0,78.0,15.6
771,2004-04-11,21:00:00,1.1,63.0,3.5,60.0,76.0,15.5
772,2004-04-11,22:00:00,1.1,61.0,2.9,63.0,74.0,14.5
773,2004-04-11,23:00:00,1.1,63.0,3.1,66.0,81.0,14.2
774,2004-04-12,0:00:00,0.7,31.0,1.6,41.0,58.0,13.7
775,2004-04-12,1:00:00,0.6,29.0,1.1,42.0,59.0,14.1
776,2004-04-12,2:00:00,0.7,34.0,2.0,36.0,54.0,14.6
778,2004-04-12,4:00:00,0.3,9.0,0.7,16.0,25.0,13.9
779,2004-04-12,5:00:00,0.3,14.0,0.5,16.0,26.0,13.5
780,2004-04-12,6:00:00,0.4,23.0,0.7,33.0,49.0,13.9
781,2004-04-12,7:00:00,0.5,36.0,0.9,39.0,53.0,13.5
782,2004-04-12,8:00:00,0.6,39.0,1.5,45.0,57.0,13.3
783,2004-04-12,9:00:00,0.8,38.0,2.2,63.0,73.0,13.4
784,2004-04-12,10:00:00,1.0,55.0,2.9,71.0,78.0,13.0
785,2004-04-12,11:00:00,1.3,75.0,3.9,104.0,93.0,12.7
786,2004-04-12,12:00:00,1.1,64.0,2.8,85.0,71.0,12.1
787,2004-04-12,13:00:00,0.6,39.0,1.4,53.0,56.0,11.2
788,2004-04-12,14:00:00,0.7,42.0,1.7,58.0,60.0,10.7
789,2004-04-12,15:00:00,1.2,78.0,3.6,89.0,77.0,11.4
790,2004-04-12,16:00:00,1.4,69.0,3.1,96.0,82.0,9.9
791,2004-04-12,17:00:00,1.2,67.0,3.5,88.0,77.0,10.3
792,2004-04-12,18:00:00,1.3,83.0,3.9,100.0,91.0,11.0
793,2004-04-12,19:00:00,1.8,79.0,5.2,127.0,93.0,10.6
794,2004-04-12,20:00:00,1.2,68.0,3.7,88.0,82.0,10.6
795,2004-04-12,21:00:00,0.8,56.0,2.7,66.0,74.0,10.6
796,2004-04-12,22:00:00,0.8,49.0,2.6,61.0,68.0,10.3
797,2004-04-12,23:00:00,0.8,56.0,2.4,54.0,65.0,10.4
798,2004-04-13,0:00:00,0.7,48.0,2.0,46.0,58.0,10.7
799,2004-04-13,1:00:00,0.5,27.0,1.3,25.0,36.0,10.5
800,2004-04-13,2:00:00,0.3,29.0,1.2,18.0,29.0,10.5
802,2004-04-13,4:00:00,0.3,47.0,0.9,21.0,28.0,11.1
803,2004-04-13,5:00:00,0.7,66.0,3.1,76.0,68.0,10.1
804,2004-04-13,6:00:00,1.6,163.0,6.9,149.0,99.0,10.0
805,2004-04-13,7:00:00,3.9,524.0,19.1,328.0,130.0,11.0
806,2004-04-13,8:00:00,4.5,657.0,22.1,282.0,128.0,12.0
807,2004-04-13,9:00:00,2.7,324.0,11.8,206.0,120.0,12.8
808,2004-04-13,10:00:00,1.6,144.0,7.3,133.0,93.0,12.6
809,2004-04-13,11:00:00,1.6,135.0,8.0,137.0,96.0,13.8
810,2004-04-13,12:00:00,1.6,140.0,7.2,116.0,84.0,15.1
811,2004-04-13,13:00:00,1.5,141.0,7.7,112.0,87.0,16.3
812,2004-04-13,14:00:00,1.8,181.0,9.7,128.0,87.0,16.6
813,2004-04-13,15:00:00,2.1,227.0,9.8,145.0,103.0,15.8
814,2004-04-13,16:00:00,1.7,149.0,7.7,110.0,88.0,16.3
815,2004-04-13,17:00:00,3.0,425.0,15.3,184.0,118.0,16.1
816,2004-04-13,18:00:00,4.6,669.0,21.5,243.0,134.0,15.3
817,2004-04-13,19:00:00,5.0,680.0,21.7,259.0,144.0,14.7
818,2004-04-13,20:00:00,3.5,446.0,14.6,205.0,129.0,14.1
819,2004-04-13,21:00:00,2.1,205.0,9.3,144.0,108.0,13.5
820,2004-04-13,22:00:00,2.1,194.0,9.4,152.0,104.0,12.3
821,2004-04-13,23:00:00,1.5,115.0,6.8,108.0,90.0,11.6
822,2004-04-14,0:00:00,1.1,74.0,4.9,64.0,74.0,11.5
823,2004-04-14,1:00:00,0.9,85.0,3.9,73.0,73.0,10.9
824,2004-04-14,2:00:00,0.7,66.0,2.7,47.0,60.0,11.1
827,2004-04-14,5:00:00,0.9,47.0,3.3,79.0,62.0,10.2
828,2004-04-14,6:00:00,1.6,116.0,7.4,113.0,71.0,10.3
829,2004-04-14,7:00:00,3.9,478.0,18.2,263.0,94.0,10.8
830,2004-04-14,8:00:00,5.0,836.0,27.7,275.0,99.0,13.3
831,2004-04-14,9:00:00,4.3,655.0,18.3,263.0,119.0,15.8
832,2004-04-14,10:00:00,2.7,312.0,12.3,183.0,103.0,19.5
833,2004-04-14,11:00:00,2.1,195.0,8.9,147.0,95.0,21.1
834,2004-04-14,12:00:00,2.1,238.0,10.4,132.0,95.0,18.4
855,2004-04-15,9:00:00,3.9,536.0,19.1,309.0,114.0,13.5
856,2004-04-15,10:00:00,3.8,481.0,17.3,327.0,127.0,15.0
857,2004-04-15,11:00:00,3.8,460.0,17.5,299.0,135.0,17.1
858,2004-04-15,12:00:00,3.9,597.0,17.0,257.0,135.0,18.4
859,2004-04-15,13:00:00,3.5,465.0,17.0,195.0,120.0,19.3
860,2004-04-15,14:00:00,4.0,542.0,19.5,231.0,129.0,19.2
861,2004-04-15,15:00:00,3.0,437.0,14.8,170.0,114.0,21.5
862,2004-04-15,16:00:00,3.1,383.0,14.0,192.0,129.0,19.6
863,2004-04-15,17:00:00,5.2,778.0,24.4,251.0,149.0,19.6
864,2004-04-15,18:00:00,5.9,926.0,28.1,289.0,149.0,18.3
865,2004-04-15,19:00:00,7.3,1189.0,33.7,351.0,158.0,17.4
866,2004-04-15,20:00:00,6.1,824.0,24.2,319.0,148.0,16.8
867,2004-04-15,21:00:00,4.6,660.0,19.8,264.0,134.0,16.2
868,2004-04-15,22:00:00,2.5,203.0,9.3,144.0,111.0,14.9
869,2004-04-15,23:00:00,2.2,136.0,7.3,119.0,106.0,13.9
870,2004-04-16,0:00:00,2.0,114.0,7.1,120.0,108.0,13.7
871,2004-04-16,1:00:00,1.9,110.0,6.7,96.0,93.0,13.4
872,2004-04-16,2:00:00,1.6,127.0,6.0,77.0,83.0,12.8
874,2004-04-16,4:00:00,1.0,70.0,3.6,63.0,69.0,11.9
875,2004-04-16,5:00:00,1.2,93.0,5.4,97.0,77.0,11.6
876,2004-04-16,6:00:00,2.0,179.0,10.0,180.0,87.0,11.7
877,2004-04-16,7:00:00,4.5,523.0,23.2,352.0,109.0,12.8
878,2004-04-16,8:00:00,4.1,546.0,18.7,279.0,116.0,13.8
879,2004-04-16,9:00:00,2.6,251.0,9.9,186.0,105.0,15.3
880,2004-04-16,10:00:00,2.3,222.0,10.2,169.0,106.0,16.6
881,2004-04-16,11:00:00,2.6,212.0,11.0,172.0,108.0,17.6
882,2004-04-16,12:00:00,2.4,263.0,10.5,127.0,100.0,19.2
883,2004-04-16,13:00:00,4.3,535.0,18.9,230.0,149.0,15.7
884,2004-04-16,14:00:00,4.6,609.0,18.9,280.0,148.0,14.5
885,2004-04-16,15:00:00,4.0,449.0,17.5,242.0,126.0,14.4
886,2004-04-16,16:00:00,4.7,536.0,17.7,250.0,140.0,14.6
887,2004-04-16,17:00:00,5.7,743.0,23.0,309.0,142.0,14.6
888,2004-04-16,18:00:00,5.2,575.0,20.4,270.0,141.0,14.0
889,2004-04-16,19:00:00,6.4,783.0,26.8,323.0,149.0,13.9
890,2004-04-16,20:00:00,6.0,706.0,19.9,307.0,140.0,13.8
891,2004-04-16,21:00:00,3.4,299.0,12.5,224.0,117.0,13.5
892,2004-04-16,22:00:00,2.7,159.0,9.6,166.0,103.0,13.1
893,2004-04-16,23:00:00,3.1,171.0,10.0,171.0,99.0,12.8
894,2004-04-17,0:00:00,2.6,162.0,8.1,169.0,100.0,12.7
895,2004-04-17,1:00:00,2.2,111.0,7.1,120.0,88.0,12.5
896,2004-04-17,2:00:00,1.9,134.0,6.4,103.0,83.0,12.7
1043,2004-04-23,5:00:00,0.6,46.0,2.9,59.0,59.0,14.2
1044,2004-04-23,6:00:00,0.8,56.0,4.9,72.0,67.0,14.3
1045,2004-04-23,7:00:00,4.0,452.0,22.6,244.0,95.0,14.0
1046,2004-04-23,8:00:00,5.6,880.0,31.1,351.0,123.0,15.4
1047,2004-04-23,9:00:00,5.0,759.0,22.1,358.0,142.0,19.1
1048,2004-04-23,10:00:00,3.2,394.0,18.3,245.0,142.0,23.7
1049,2004-04-23,11:00:00,3.8,639.0,22.0,240.0,169.0,26.9
1050,2004-04-23,12:00:00,3.3,541.0,20.1,179.0,142.0,29.7
1051,2004-04-23,13:00:00,3.0,468.0,18.9,160.0,136.0,29.2
1052,2004-04-23,14:00:00,3.2,483.0,20.6,174.0,147.0,29.6
1053,2004-04-23,15:00:00,4.4,682.0,25.3,260.0,196.0,30.0
1054,2004-04-23,16:00:00,4.6,698.0,25.8,281.0,186.0,29.5
1055,2004-04-23,17:00:00,5.2,832.0,30.6,284.0,177.0,27.0
1056,2004-04-23,18:00:00,4.8,872.0,27.1,250.0,164.0,24.9
1057,2004-04-23,19:00:00,5.6,899.0,32.5,281.0,161.0,23.1
1058,2004-04-23,20:00:00,4.6,692.0,20.8,230.0,146.0,21.5
1059,2004-04-23,21:00:00,1.8,145.0,10.9,98.0,98.0,20.5
1060,2004-04-23,22:00:00,2.2,208.0,13.0,121.0,108.0,19.2
1061,2004-04-23,23:00:00,2.0,204.0,11.8,110.0,107.0,18.8
1062,2004-04-24,0:00:00,2.8,240.0,13.4,161.0,113.0,18.2
1063,2004-04-24,1:00:00,2.6,251.0,13.4,148.0,100.0,16.1
1064,2004-04-24,2:00:00,1.8,173.0,9.0,109.0,87.0,16.3
1067,2004-04-24,5:00:00,0.7,65.0,3.7,71.0,65.0,14.8
1068,2004-04-24,6:00:00,0.9,119.0,5.7,75.0,64.0,14.0
1069,2004-04-24,7:00:00,1.5,151.0,10.0,106.0,73.0,14.6
1070,2004-04-24,8:00:00,2.5,305.0,15.0,166.0,86.0,16.7
1071,2004-04-24,9:00:00,3.0,415.0,15.6,188.0,105.0,20.0
1072,2004-04-24,10:00:00,2.6,321.0,12.3,161.0,107.0,23.9
1073,2004-04-24,11:00:00,2.6,358.0,14.4,139.0,114.0,26.8
1074,2004-04-24,12:00:00,2.6,350.0,14.6,134.0,105.0,27.2
1075,2004-04-24,13:00:00,1.9,238.0,8.7,84.0,74.0,26.9
1076,2004-04-24,14:00:00,2.0,215.0,11.0,98.0,95.0,24.3
1077,2004-04-24,15:00:00,1.7,192.0,9.0,91.0,89.0,25.6
1078,2004-04-24,16:00:00,1.9,205.0,10.7,99.0,95.0,27.0
1079,2004-04-24,17:00:00,1.8,165.0,9.9,90.0,93.0,27.5
1080,2004-04-24,18:00:00,2.8,283.0,15.7,147.0,123.0,24.9
1081,2004-04-24,19:00:00,3.5,467.0,19.4,177.0,134.0,23.4
1082,2004-04-24,20:00:00,3.4,485.0,16.8,162.0,126.0,21.2
1083,2004-04-24,21:00:00,2.0,202.0,6.8,88.0,79.0,15.6
1084,2004-04-24,22:00:00,1.1,64.0,3.0,53.0,54.0,12.9
1085,2004-04-24,23:00:00,1.3,71.0,3.2,68.0,69.0,11.5
1086,2004-04-25,0:00:00,1.2,84.0,3.1,61.0,67.0,12.2
1087,2004-04-25,1:00:00,1.3,70.0,3.9,71.0,73.0,12.4
1088,2004-04-25,2:00:00,1.0,61.0,3.6,63.0,73.0,12.7
1091,2004-04-25,5:00:00,0.3,20.0,0.7,14.0,20.0,12.5
1092,2004-04-25,6:00:00,0.5,31.0,1.1,34.0,37.0,12.8
1093,2004-04-25,7:00:00,0.6,41.0,1.4,42.0,50.0,13.5
1094,2004-04-25,8:00:00,0.6,40.0,1.6,40.0,45.0,14.4
1095,2004-04-25,9:00:00,0.8,35.0,2.3,48.0,48.0,15.1
1096,2004-04-25,10:00:00,1.0,44.0,2.5,61.0,56.0,16.6
1097,2004-04-25,11:00:00,0.9,71.0,2.7,58.0,58.0,17.2
1098,2004-04-25,12:00:00,1.0,66.0,2.7,57.0,52.0,17.4
1099,2004-04-25,13:00:00,0.8,46.0,2.2,54.0,52.0,17.9
1100,2004-04-25,14:00:00,0.7,50.0,2.0,41.0,44.0,18.3
1101,2004-04-25,15:00:00,0.9,51.0,3.4,57.0,59.0,19.4
1102,2004-04-25,16:00:00,1.3,64.0,4.5,83.0,74.0,20.2
1103,2004-04-25,17:00:00,1.4,138.0,4.7,81.0,76.0,19.6
1104,2004-04-25,18:00:00,1.5,137.0,6.0,98.0,83.0,18.5
1105,2004-04-25,19:00:00,2.7,303.0,11.7,124.0,100.0,17.8
1106,2004-04-25,20:00:00,2.5,204.0,8.2,133.0,101.0,16.6
1107,2004-04-25,21:00:00,1.4,95.0,5.1,100.0,90.0,15.5
1108,2004-04-25,22:00:00,2.8,347.0,13.0,116.0,93.0,14.8
1109,2004-04-25,23:00:00,2.1,252.0,7.0,102.0,79.0,14.5
1110,2004-04-26,0:00:00,1.1,66.0,3.9,55.0,57.0,14.1
1111,2004-04-26,1:00:00,0.7,45.0,2.2,33.0,43.0,14.2
1112,2004-04-26,2:00:00,0.4,36.0,1.3,17.0,25.0,14.1
1115,2004-04-26,5:00:00,0.4,21.0,1.2,35.0,44.0,13.9
1116,2004-04-26,6:00:00,0.8,60.0,3.4,70.0,72.0,14.0
1117,2004-04-26,7:00:00,1.9,155.0,7.5,116.0,91.0,14.4
1118,2004-04-26,8:00:00,2.1,235.0,8.9,134.0,89.0,15.0
1119,2004-04-26,9:00:00,1.4,89.0,5.3,113.0,84.0,16.3
1120,2004-04-26,10:00:00,1.4,76.0,5.4,110.0,83.0,18.3
1121,2004-04-26,11:00:00,1.3,101.0,5.2,98.0,78.0,18.8
1122,2004-04-26,12:00:00,1.5,109.0,6.6,96.0,80.0,19.6
1123,2004-04-26,13:00:00,1.6,143.0,6.9,95.0,75.0,20.2
1124,2004-04-26,14:00:00,1.3,104.0,5.4,86.0,77.0,19.7
1125,2004-04-26,15:00:00,1.4,107.0,6.0,86.0,77.0,20.7
1126,2004-04-26,16:00:00,1.5,133.0,6.4,91.0,81.0,20.0
1127,2004-04-26,17:00:00,2.2,171.0,10.7,119.0,101.0,18.6
1128,2004-04-26,18:00:00,3.2,405.0,13.9,147.0,119.0,18.3
1129,2004-04-26,19:00:00,3.0,334.0,12.5,135.0,111.0,17.8
1130,2004-04-26,20:00:00,2.6,236.0,9.3,124.0,109.0,17.3
1131,2004-04-26,21:00:00,1.6,99.0,6.7,89.0,101.0,17.3
1132,2004-04-26,22:00:00,1.5,93.0,5.3,79.0,89.0,16.4
1133,2004-04-26,23:00:00,1.2,82.0,4.0,63.0,75.0,16.0
1134,2004-04-27,0:00:00,0.8,51.0,2.2,39.0,51.0,15.4
1135,2004-04-27,1:00:00,0.7,41.0,1.7,25.0,39.0,15.7
1136,2004-04-27,2:00:00,0.5,31.0,1.6,19.0,32.0,15.6
1139,2004-04-27,5:00:00,0.7,38.0,3.3,58.0,68.0,15.5
1140,2004-04-27,6:00:00,1.4,111.0,8.9,112.0,76.0,14.4
1141,2004-04-27,7:00:00,4.1,584.0,23.4,314.0,122.0,15.9
1142,2004-04-27,8:00:00,4.6,633.0,23.8,240.0,129.0,18.1
1143,2004-04-27,9:00:00,1.9,145.0,7.9,128.0,94.0,19.6
1144,2004-04-27,10:00:00,1.9,155.0,8.2,141.0,99.0,22.8
1145,2004-04-27,11:00:00,1.7,128.0,8.8,118.0,81.0,24.8
1146,2004-04-27,12:00:00,2.4,255.0,14.6,132.0,87.0,27.2
1147,2004-04-27,13:00:00,3.0,411.0,18.0,150.0,107.0,28.2
1148,2004-04-27,14:00:00,2.0,173.0,12.0,121.0,95.0,25.4
1149,2004-04-27,15:00:00,2.7,277.0,14.8,149.0,110.0,25.7
1150,2004-04-27,16:00:00,2.2,259.0,12.5,120.0,99.0,27.2
1151,2004-04-27,17:00:00,2.9,274.0,15.5,155.0,113.0,27.0
1152,2004-04-27,18:00:00,3.4,377.0,17.7,172.0,127.0,24.5
1153,2004-04-27,19:00:00,3.9,457.0,21.6,177.0,131.0,23.7
1154,2004-04-27,20:00:00,3.6,555.0,18.9,181.0,137.0,21.5
1155,2004-04-27,21:00:00,2.5,279.0,12.5,135.0,122.0,19.9
1156,2004-04-27,22:00:00,1.8,137.0,8.8,99.0,100.0,18.9
1157,2004-04-27,23:00:00,2.0,203.0,10.9,111.0,108.0,17.9
1158,2004-04-28,0:00:00,1.3,101.0,8.0,72.0,83.0,17.4
1159,2004-04-28,1:00:00,1.0,86.0,4.4,54.0,74.0,18.1
1160,2004-04-28,2:00:00,0.6,51.0,2.8,41.0,64.0,16.5
1163,2004-04-28,5:00:00,0.5,33.0,2.5,29.0,39.0,16.3
1164,2004-04-28,6:00:00,1.1,95.0,7.5,76.0,69.0,13.9
1165,2004-04-28,7:00:00,5.5,754.0,30.4,321.0,104.0,15.0
1166,2004-04-28,8:00:00,4.2,588.0,22.0,274.0,100.0,16.1
1167,2004-04-28,9:00:00,4.6,658.0,24.7,322.0,146.0,19.3
1168,2004-04-28,10:00:00,3.4,372.0,18.4,255.0,155.0,24.2
1169,2004-04-28,11:00:00,2.8,386.0,16.8,196.0,139.0,26.7
1170,2004-04-28,12:00:00,2.5,333.0,14.2,136.0,121.0,27.4
1171,2004-04-28,13:00:00,2.4,293.0,15.7,119.0,108.0,28.1
1172,2004-04-28,14:00:00,3.2,511.0,21.9,169.0,126.0,27.7
1173,2004-04-28,15:00:00,3.5,559.0,20.8,197.0,145.0,28.4
1174,2004-04-28,16:00:00,2.9,375.0,16.2,140.0,121.0,28.4
1175,2004-04-28,17:00:00,3.6,509.0,19.8,178.0,145.0,27.3
1176,2004-04-28,18:00:00,4.8,790.0,28.9,223.0,160.0,24.3
1177,2004-04-28,19:00:00,5.4,816.0,28.3,222.0,155.0,23.1
1178,2004-04-28,20:00:00,5.3,804.0,24.9,265.0,162.0,21.8
1179,2004-04-28,21:00:00,2.7,332.0,13.1,151.0,129.0,19.8
1180,2004-04-28,22:00:00,1.4,156.0,8.6,79.0,96.0,19.6
1181,2004-04-28,23:00:00,1.6,143.0,9.5,87.0,92.0,17.9
1182,2004-04-29,0:00:00,1.5,117.0,7.8,88.0,89.0,17.4
1183,2004-04-29,1:00:00,1.0,84.0,5.2,51.0,61.0,16.8
1184,2004-04-29,2:00:00,0.6,60.0,2.8,34.0,54.0,15.9
1187,2004-04-29,5:00:00,0.8,64.0,4.4,76.0,57.0,13.3
1188,2004-04-29,6:00:00,1.5,148.0,9.4,139.0,68.0,12.9
1189,2004-04-29,7:00:00,4.9,635.0,29.8,293.0,95.0,14.8
1190,2004-04-29,8:00:00,7.2,1129.0,36.2,368.0,125.0,16.1
1191,2004-04-29,9:00:00,3.5,475.0,18.0,250.0,135.0,18.6
1192,2004-04-29,10:00:00,2.1,220.0,10.9,145.0,118.0,23.8
1193,2004-04-29,11:00:00,1.5,105.0,9.0,110.0,91.0,25.4
1194,2004-04-29,12:00:00,2.0,190.0,14.4,104.0,89.0,25.6
1195,2004-04-29,13:00:00,3.8,516.0,22.3,205.0,129.0,24.9
1196,2004-04-29,14:00:00,3.4,346.0,20.9,201.0,122.0,22.4
1197,2004-04-29,15:00:00,4.4,565.0,23.1,266.0,138.0,21.7
1198,2004-04-29,16:00:00,3.9,483.0,21.2,246.0,136.0,21.4
1199,2004-04-29,17:00:00,4.9,651.0,24.8,247.0,143.0,20.8
1200,2004-04-29,18:00:00,5.4,657.0,28.6,271.0,145.0,20.2
1201,2004-04-29,19:00:00,6.5,830.0,32.6,332.0,146.0,20.2
1202,2004-04-29,20:00:00,4.3,435.0,19.2,245.0,122.0,18.6
1203,2004-04-29,21:00:00,2.9,209.0,16.3,180.0,112.0,18.2
1204,2004-04-29,22:00:00,2.7,202.0,13.7,156.0,102.0,17.8
1205,2004-04-29,23:00:00,2.8,174.0,13.6,172.0,97.0,17.0
1206,2004-04-30,0:00:00,2.3,170.0,11.1,137.0,85.0,16.2
1207,2004-04-30,1:00:00,1.7,116.0,7.6,91.0,76.0,15.7
1208,2004-04-30,2:00:00,1.2,91.0,5.9,80.0,74.0,15.7
1211,2004-04-30,5:00:00,0.8,48.0,4.5,68.0,66.0,15.7
1212,2004-04-30,6:00:00,1.7,111.0,9.3,162.0,90.0,15.9
1213,2004-04-30,7:00:00,3.0,345.0,18.3,213.0,111.0,16.6
1214,2004-04-30,8:00:00,3.4,332.0,19.9,161.0,103.0,18.7
1215,2004-04-30,9:00:00,3.3,344.0,16.6,209.0,117.0,17.6
1216,2004-04-30,10:00:00,2.7,212.0,12.6,191.0,116.0,16.3
1217,2004-04-30,11:00:00,2.6,166.0,12.9,215.0,109.0,16.0
1218,2004-04-30,12:00:00,3.2,214.0,14.9,212.0,116.0,17.3
1219,2004-04-30,13:00:00,3.4,377.0,17.4,202.0,115.0,19.4
1220,2004-04-30,14:00:00,2.6,210.0,15.4,153.0,94.0,21.4
1221,2004-04-30,15:00:00,3.4,265.0,16.7,185.0,121.0,22.7
1222,2004-04-30,16:00:00,4.0,365.0,18.0,210.0,114.0,20.9
1223,2004-04-30,17:00:00,4.5,454.0,19.2,215.0,110.0,21.0
1224,2004-04-30,18:00:00,4.2,460.0,21.0,215.0,122.0,20.8
1225,2004-04-30,19:00:00,5.7,642.0,26.9,281.0,135.0,19.8
1226,2004-04-30,20:00:00,4.4,501.0,19.5,254.0,133.0,19.1
1227,2004-04-30,21:00:00,3.1,234.0,15.1,189.0,110.0,18.2
1228,2004-04-30,22:00:00,3.0,212.0,14.6,174.0,102.0,18.1
1229,2004-04-30,23:00:00,3.1,275.0,13.7,167.0,108.0,17.7
1230,2004-05-01,0:00:00,3.5,275.0,15.2,185.0,110.0,17.8
